<?xml version="1.0" encoding="UTF-8"?>
<!DOCTYPE mapper PUBLIC "-//mybatis.org//DTD Mapper 3.0//EN"
"http://mybatis.org/dtd/mybatis-3-mapper.dtd">
<mapper namespace="com.code.dao.read.ReadSpecificationMapper">
	<!-- 返回的map -->
	<resultMap id="specification" type="com.code.domain.Specification">
		<result property="ID" column="Specification_ID" />
		<result property="CreateTime" column="Specification_CreateTime" />
		<result property="ModifyTime" column="Specification_ModifyTime" />
		<result property="Status" column="Specification_Status" />
		<result property="Specs" column="Specification_Specs" />
		<result property="Memo" column="Specification_Memo" />
		<result property="ShopID" column="Specification_ShopID" />
		<result property="Image" column="Specification_Image" />
	</resultMap>
	<!-- sql查询语句-->
	<sql id="sql">
		Specification_ID,Specification_CreateTime,Specification_ModifyTime,Specification_Status,Specification_Specs,Specification_Memo,Specification_ShopID,Specification_Image
	</sql>
	<!-- sql查询条件-->
	<sql id="where">
		1=1 
		<if test="ID!=null">
				 and Specification_ID = #{ID}
</if>
<if test="CreateTime!=null">
				 and Specification_CreateTime = #{CreateTime}
</if>
<if test="ModifyTime!=null">
				 and Specification_ModifyTime = #{ModifyTime}
</if>
<if test="Status!=null">
				 and Specification_Status = #{Status}
</if>
<if test="Specs!=null">
				 and Specification_Specs = #{Specs}
</if>
<if test="Memo!=null">
				 and Specification_Memo = #{Memo}
</if>
<if test="ShopID!=null">
				 and Specification_ShopID = #{ShopID}
</if>
<if test="Image!=null">
				 and Specification_Image = #{Image}
</if>

		<!-- 这边要数据自己处理 -->
		<if test="search != null">
			and (
				Specification_ID like binary CONCAT(CONCAT('%', #{search,jdbcType=VARCHAR}),'%') or 
				Specification_CreateTime like binary CONCAT(CONCAT('%', #{search,jdbcType=VARCHAR}),'%') or 
				Specification_ModifyTime like binary CONCAT(CONCAT('%', #{search,jdbcType=VARCHAR}),'%') or 
				Specification_Status like binary CONCAT(CONCAT('%', #{search,jdbcType=VARCHAR}),'%') or 
				Specification_Specs like binary CONCAT(CONCAT('%', #{search,jdbcType=VARCHAR}),'%') or 
				Specification_Memo like binary CONCAT(CONCAT('%', #{search,jdbcType=VARCHAR}),'%') or 
				Specification_ShopID like binary CONCAT(CONCAT('%', #{search,jdbcType=VARCHAR}),'%') or 
				Specification_Image like binary CONCAT(CONCAT('%', #{search,jdbcType=VARCHAR}),'%') or 
				
				1 != 1
			)
		</if>
	</sql>
	<!-- 根据ID 查找-->
	<select id="findById" resultMap="specification" parameterType="long">
		SELECT
		<include refid="sql"></include>
		FROM t_specification
		<where>
			Specification_ID = #{_parameter} 
		</where>
	</select>
	<!-- 根据条件 查找-->
	<select id="query"  resultMap="specification"
		parameterType="java.util.Map">
		SELECT
		<include refid="sql"></include>
		FROM t_specification
		<where>
			<include refid="where"></include>
		</where>
	
	</select>
	<!-- 根据条件总数-->
	<select id="queryCount" parameterType="map" resultType="int">
		SELECT
			Count(1)
			FROM t_specification
			<where>
				<include refid="where"></include>
			</where>
	</select>



</mapper>
